-- =====================================================
-- 정산 더미 데이터 (10개)
-- 사용법: MySQL에서 직접 실행
-- =====================================================

-- 테스트 유저 3명 (owner + 2 participants)
INSERT IGNORE INTO `user` (id, email, nickname, address, manner_score, role, status, created_at, updated_at)
VALUES
    (9001, 'dummy_owner@test.com',  '더미주인장',  '서울시 강남구', 4.50, 'USER', 'ACTIVE', NOW(), NOW()),
    (9002, 'dummy_user2@test.com',  '더미참여자A', '서울시 서초구', 4.20, 'USER', 'ACTIVE', NOW(), NOW()),
    (9003, 'dummy_user3@test.com',  '더미참여자B', '서울시 마포구', 3.80, 'USER', 'ACTIVE', NOW(), NOW());

-- 게시글 10개 (owner: user 9001)
-- post 9001~9004: COMPLETED (정산 완료), 9005: PROCESSING, 9006~9010: OPEN
INSERT IGNORE INTO group_post
    (id, owner_user_id, title, categories, content, items_text, location_name,
     meet_at, deadline_at, min_members, max_members, joined_members, status, created_at, updated_at)
VALUES
    (9001, 9001, '[공구] 코스트코 연어 슬라이스 세트',   '식품',   '코스트코 연어 슬라이스 세트 공구합니다.',        '연어 슬라이스 500g × 3',     '강남역 2번 출구',     '2026-03-10 14:00:00', '2026-03-09 23:59:59', 2, 4, 3, 'COMPLETED',  NOW(), NOW()),
    (9002, 9001, '[공구] 제주 감귤 5kg 박스',           '식품',   '제주 노지 감귤 5kg 박스 공구해요.',             '감귤 5kg 박스 × 2',          '서초역 1번 출구',     '2026-03-12 12:00:00', '2026-03-11 23:59:59', 2, 3, 2, 'COMPLETED',  NOW(), NOW()),
    (9003, 9001, '[공구] 올리브영 봄 스킨케어 세트',     '뷰티',   '올리브영 봄 스킨케어 3종 세트 공구입니다.',      '수분크림·토너·에센스 세트',   '홍대입구역 9번 출구', '2026-03-18 15:00:00', '2026-03-17 23:59:59', 2, 5, 4, 'COMPLETED',  NOW(), NOW()),
    (9004, 9001, '[공구] 네이처메이드 종합비타민 120정', '건강식품','종합비타민 대용량 공구합니다.',                   '종합비타민 120정 × 3',       '잠실역 2번 출구',     '2026-03-22 13:00:00', '2026-03-21 23:59:59', 2, 4, 3, 'COMPLETED',  NOW(), NOW()),
    (9005, 9001, '[공구] 다이슨 에어랩 필터 부품',       '생활용품','다이슨 에어랩 교체 필터 공동구매.',              '에어랩 필터 × 4',            '선릉역 3번 출구',     '2026-04-01 11:00:00', '2026-03-31 23:59:59', 2, 3, 2, 'PROCESSING', NOW(), NOW()),
    (9006, 9001, '[공구] 스타벅스 봄 신상 텀블러',       '생활용품','스타벅스 봄 시즌 텀블러 공구해요.',              '텀블러 473ml × 4',           '강남역 10번 출구',    '2026-04-05 14:00:00', '2026-04-04 23:59:59', 2, 4, 3, 'OPEN',       NOW(), NOW()),
    (9007, 9001, '[공구] 무인양품 향초 5종 세트',         '생활용품','무인양품 향초 5종 세트 공구입니다.',             '향초 세트 5종',               '신촌역 2번 출구',     '2026-04-10 15:00:00', '2026-04-09 23:59:59', 2, 3, 1, 'OPEN',       NOW(), NOW()),
    (9008, 9001, '[공구] 인기 과자 묶음 세트',           '식품',   '쿠팡 로켓배송 인기 과자 묶음 공동구매.',         '과자 12종 세트',             '역삼역 1번 출구',     '2026-04-12 12:00:00', '2026-04-11 23:59:59', 2, 5, 2, 'OPEN',       NOW(), NOW()),
    (9009, 9001, '[공구] 애플 USB-C 케이블 5개묶음',     'IT기기', '애플 정품 USB-C to Lightning 케이블 공구.',    'USB-C 케이블 × 5',           '건대입구역 2번 출구', '2026-04-15 16:00:00', '2026-04-14 23:59:59', 2, 3, 1, 'OPEN',       NOW(), NOW()),
    (9010, 9001, '[공구] 닌텐도 스위치 게임 타이틀',     'IT기기', '닌텐도 스위치 신작 게임 타이틀 공구합니다.',     '게임 타이틀 × 3',            '합정역 7번 출구',     '2026-04-20 13:00:00', '2026-04-19 23:59:59', 2, 4, 2, 'OPEN',       NOW(), NOW());

-- 정산 10개 (9001~9004: COMPLETED, 9005~9010: PENDING)
INSERT IGNORE INTO settlement (id, group_post_id, total_amount, status, created_at, updated_at)
VALUES
    (9001, 9001,  45000, 'COMPLETED', NOW(), NOW()),
    (9002, 9002,  28000, 'COMPLETED', NOW(), NOW()),
    (9003, 9003, 132000, 'COMPLETED', NOW(), NOW()),
    (9004, 9004,  87000, 'COMPLETED', NOW(), NOW()),
    (9005, 9005,   NULL, 'PENDING',   NOW(), NOW()),
    (9006, 9006,   NULL, 'PENDING',   NOW(), NOW()),
    (9007, 9007,   NULL, 'PENDING',   NOW(), NOW()),
    (9008, 9008,   NULL, 'PENDING',   NOW(), NOW()),
    (9009, 9009,   NULL, 'PENDING',   NOW(), NOW()),
    (9010, 9010,   NULL, 'PENDING',   NOW(), NOW());

-- 정산 참여자 (COMPLETED 4건에만)
INSERT IGNORE INTO settlement_participant (id, settlement_id, user_id, assigned_amount, created_at)
VALUES
    -- settlement 9001: 연어 45,000원 ÷ 3
    (9001, 9001, 9001, 15000, NOW()),
    (9002, 9001, 9002, 15000, NOW()),
    (9003, 9001, 9003, 15000, NOW()),
    -- settlement 9002: 감귤 28,000원 ÷ 2
    (9004, 9002, 9001, 14000, NOW()),
    (9005, 9002, 9002, 14000, NOW()),
    -- settlement 9003: 스킨케어 132,000원 ÷ 4 (owner 포함)
    (9006, 9003, 9001, 33000, NOW()),
    (9007, 9003, 9002, 33000, NOW()),
    (9008, 9003, 9003, 33000, NOW()),
    -- settlement 9004: 비타민 87,000원 ÷ 3
    (9009, 9004, 9001, 29000, NOW()),
    (9010, 9004, 9002, 29000, NOW()),
    (9011, 9004, 9003, 29000, NOW());

-- 정산 품목
INSERT IGNORE INTO settlement_item (id, participant_id, item_name, quantity, unit, amount)
VALUES
    -- settlement 9001: 연어 (참여자 9001~9003 각 1pack)
    (9001, 9001, '연어 슬라이스 500g', 1.000, 'pack', 15000),
    (9002, 9002, '연어 슬라이스 500g', 1.000, 'pack', 15000),
    (9003, 9003, '연어 슬라이스 500g', 1.000, 'pack', 15000),
    -- settlement 9002: 감귤 (참여자 9004~9005 각 2.5kg)
    (9004, 9004, '제주 감귤', 2.500, 'kg', 14000),
    (9005, 9005, '제주 감귤', 2.500, 'kg', 14000),
    -- settlement 9003: 스킨케어 3종 세트 (참여자 9006~9008 각 3종)
    (9006, 9006, '수분크림', 1.000, '개', 15000),
    (9007, 9006, '토너',     1.000, '개', 12000),
    (9008, 9006, '에센스',   1.000, '개',  6000),
    (9009, 9007, '수분크림', 1.000, '개', 15000),
    (9010, 9007, '토너',     1.000, '개', 12000),
    (9011, 9007, '에센스',   1.000, '개',  6000),
    (9012, 9008, '수분크림', 1.000, '개', 15000),
    (9013, 9008, '토너',     1.000, '개', 12000),
    (9014, 9008, '에센스',   1.000, '개',  6000),
    -- settlement 9004: 비타민 (참여자 9009~9011 각 1개)
    (9015, 9009, '종합비타민 120정', 1.000, '개', 29000),
    (9016, 9010, '종합비타민 120정', 1.000, '개', 29000),
    (9017, 9011, '종합비타민 120정', 1.000, '개', 29000);
